{"train/geopotential_500": 0.06763437612863024, "train/temperature_850": 0.06831722300065805, "train/loss": 0.06797579956464417, "epoch": 9, "trainer/global_step": 549, "_timestamp": 1666211586.7564049, "_runtime": 1703.105852842331, "_step": 157, "val/w_rmse_geopotential_500_day_3": 849.7155205104406, "val/w_rmse_temperature_850_day_3": 3.9453776492252595, "val/acc_geopotential_500_day_3": 0.5777292724197892, "val/acc_temperature_850_day_3": 0.6136417851250154}