{"train/geopotential_500": 0.06783421188167055, "train/temperature_850": 0.06852814813424335, "train/loss": 0.06818118000795695, "epoch": 10, "trainer/global_step": 570, "_timestamp": 1666247628.827656, "_runtime": 498.24207401275635, "_step": 21, "val/w_rmse_geopotential_500_day_3": 836.5937735360907, "val/w_rmse_temperature_850_day_3": 3.8749306049296366, "val/acc_geopotential_500_day_3": 0.589047906930115, "val/acc_temperature_850_day_3": 0.6265089715640619}