{"train/geopotential_500": 1.0468159942585165, "train/temperature_850": 0.8490548910742481, "train/loss": 0.9479354426663823, "epoch": 0, "trainer/global_step": 349, "_timestamp": 1666255602.0601287, "_runtime": 5774.946983575821, "_step": 336, "val/w_rmse_geopotential_500_day_3": 796.5251468007451, "val/w_rmse_temperature_850_day_3": 3.7202589539174613, "val/acc_geopotential_500_day_3": 0.6230842003737803, "val/acc_temperature_850_day_3": 0.6455648656885067}