{"train/geopotential_500": 0.052847004421119205, "train/temperature_850": 0.047967264257774776, "train/loss": 0.05040713433944699, "epoch": 9, "trainer/global_step": 569, "_timestamp": 1666209775.1650538, "_runtime": 797.3297789096832, "_step": 41, "val/w_rmse_geopotential_500_day_3": 760.5414368611707, "val/w_rmse_temperature_850_day_3": 3.3841876380853453, "val/acc_geopotential_500_day_3": 0.6666488039300758, "val/acc_temperature_850_day_3": 0.7251690282269767, "_wandb": {"runtime": 375}}