{"train/geopotential_500": 0.06931067435029839, "train/temperature_850": 0.06997355541382105, "train/loss": 0.06964211488205974, "epoch": 10, "trainer/global_step": 570, "_timestamp": 1666246078.7154493, "_runtime": 194.97826433181763, "_step": 21, "val/w_rmse_geopotential_500_day_3": 843.566314927197, "val/w_rmse_temperature_850_day_3": 3.916465610393158, "val/acc_geopotential_500_day_3": 0.5800724880954805, "val/acc_temperature_850_day_3": 0.6173449661897386}