{"train/geopotential_500": 0.07894866343687133, "train/temperature_850": 0.0864340729478351, "train/loss": 0.08269136819235322, "epoch": 5, "trainer/global_step": 299, "_timestamp": 1666245763.2230177, "_runtime": 1060.070313692093, "_step": 120, "val/w_rmse_geopotential_500_day_3": 906.5300127744177, "val/w_rmse_temperature_850_day_3": 4.280256608382252, "val/acc_geopotential_500_day_3": 0.5345740850034608, "val/acc_temperature_850_day_3": 0.5581155262937119}